-- MySQL dump 10.13  Distrib 8.0.45, for Linux (x86_64)
--
-- Host: db.controleonline.com    Database: control2_erp
-- ------------------------------------------------------
-- Server version	5.5.5-10.11.16-MariaDB-cll-lve

/*!40101 SET @OLD_CHARACTER_SET_CLIENT=@@CHARACTER_SET_CLIENT */;
/*!40101 SET @OLD_CHARACTER_SET_RESULTS=@@CHARACTER_SET_RESULTS */;
/*!40101 SET @OLD_COLLATION_CONNECTION=@@COLLATION_CONNECTION */;
/*!50503 SET NAMES utf8mb4 */;
/*!40103 SET @OLD_TIME_ZONE=@@TIME_ZONE */;
/*!40103 SET TIME_ZONE='+00:00' */;
/*!40014 SET @OLD_UNIQUE_CHECKS=@@UNIQUE_CHECKS, UNIQUE_CHECKS=0 */;
/*!40014 SET @OLD_FOREIGN_KEY_CHECKS=@@FOREIGN_KEY_CHECKS, FOREIGN_KEY_CHECKS=0 */;
/*!40101 SET @OLD_SQL_MODE=@@SQL_MODE, SQL_MODE='NO_AUTO_VALUE_ON_ZERO' */;
/*!40111 SET @OLD_SQL_NOTES=@@SQL_NOTES, SQL_NOTES=0 */;

--
-- Table structure for table `product_group`
--

DROP TABLE IF EXISTS `product_group`;
/*!40101 SET @saved_cs_client     = @@character_set_client */;
/*!50503 SET character_set_client = utf8mb4 */;
CREATE TABLE `product_group` (
  `id` int(11) NOT NULL AUTO_INCREMENT,
  `parent_product_id` int(11) NOT NULL,
  `product_group` varchar(255) CHARACTER SET utf8mb3 COLLATE utf8mb3_general_ci NOT NULL,
  `price_calculation` enum('sum','average','biggest','free') CHARACTER SET utf8mb3 COLLATE utf8mb3_general_ci NOT NULL DEFAULT 'sum',
  `required` tinyint(1) NOT NULL DEFAULT 0,
  `minimum` float NOT NULL,
  `maximum` float NOT NULL,
  `active` tinyint(1) NOT NULL DEFAULT 1,
  `show_in_display` tinyint(1) NOT NULL DEFAULT 0,
  `group_order` int(11) NOT NULL,
  PRIMARY KEY (`id`),
  KEY `product_parent_id` (`parent_product_id`),
  CONSTRAINT `product_group_ibfk_1` FOREIGN KEY (`parent_product_id`) REFERENCES `product` (`id`) ON DELETE CASCADE ON UPDATE CASCADE
) ENGINE=InnoDB AUTO_INCREMENT=314 DEFAULT CHARSET=utf8mb4 COLLATE=utf8mb4_unicode_ci;
/*!40101 SET character_set_client = @saved_cs_client */;

--
-- Dumping data for table `product_group`
--

LOCK TABLES `product_group` WRITE;
/*!40000 ALTER TABLE `product_group` DISABLE KEYS */;
INSERT INTO `product_group` VALUES (1,1,'Sabores','biggest',1,1,4,1,0,1),(2,1,'Borda','sum',0,0,1,1,0,2),(10,2,'Acessórios','free',0,0,0,1,0,0),(11,2,'Sabres','biggest',1,1,1,1,0,0),(12,2,'Tipo','free',1,1,1,1,0,0),(13,305,'Adicione mais ingredientes','sum',0,0,0,1,0,0),(14,305,'Deseja adicionar molhos?','sum',0,0,0,1,0,0),(15,305,'Escolha seu acompanhamento','sum',0,0,0,1,0,0),(16,305,'Meu sanduíche favorito','sum',0,0,0,1,0,0),(17,309,'Grupo de Complemento Obrigatório','sum',0,0,0,1,0,0),(18,309,'Grupo de Complemento Opcional','sum',0,0,0,1,0,0),(19,309,'Escolha seu acompanhamento','sum',0,0,0,1,0,0),(20,690,'Sabor','sum',0,1,4,1,0,0),(33,1012,'mg_tamanho_pizza_geral_v3','sum',0,0,0,1,0,0),(34,1012,'mg_tipo_borda_v3','sum',0,0,0,1,0,0),(35,1012,'mg_adicionais_classicos_v3','sum',0,0,0,1,0,0),(36,1033,'mg_tamanho_pizza_geral_v3','sum',0,0,0,1,0,0),(37,1033,'mg_tipo_borda_v3','sum',0,0,0,1,0,0),(39,7,'Novo Grupo','sum',1,0,1,1,0,0),(41,233,'Novo Grupo','sum',0,0,1,1,0,0),(42,7,'Novo Grupo','sum',0,0,1,1,0,0),(43,7,'Novo Grupo','sum',0,0,1,1,0,0),(44,7,'Novo Grupo','sum',0,0,1,1,0,0),(45,7,'Novo Grupo','sum',0,0,1,1,0,0),(46,8,'Novo Grupo','sum',0,0,1,1,0,0),(47,7,'Novo Grupo','sum',0,0,1,1,0,0),(48,7,'Novo Grupo','sum',0,0,1,1,0,0),(49,7,'Novo Grupo','sum',0,0,1,1,0,0),(51,181,'Novo Grupo','sum',0,0,1,1,0,0),(52,164,'Novo Grupo','sum',0,0,1,1,0,0),(55,175,'Teste','sum',0,1,1,1,0,0),(56,1,'Teste','sum',1,1,1,1,0,0),(57,1054,'Grupo de Testes 1','sum',0,0,1,1,0,0),(97,1104,'Turbine seu Gyros','sum',0,0,1,1,1,2),(98,1104,'Adicionais','sum',0,0,3,1,1,3),(99,1104,'Deseja remover algo?','free',0,0,4,1,1,4),(100,1104,'Molhos extra à parte','sum',0,0,10,1,0,5),(101,1104,'Escolha as Bebidas','sum',0,0,10,1,0,6),(102,1104,'Sobremesa','sum',0,0,2,1,0,7),(116,1107,'Adicionais na finalização do seu Gyros (Veg)','sum',0,0,3,1,0,2),(125,1115,'Esolha sua proteína','sum',1,2,2,1,0,1),(138,1279,'Tamanho','sum',1,1,1,1,0,1),(140,1316,'Faixas','sum',1,1,1,1,0,0),(141,1321,'Escolha a Proteina','sum',1,1,1,1,0,1),(142,1326,'Extras do Combo','sum',0,0,3,1,0,2),(144,1326,'Escolha seu Gyros','sum',1,1,1,1,0,1),(145,1326,'Remover Ingredientes','free',0,0,3,1,0,6),(146,1326,'Sachês (opcional)','sum',0,0,5,1,0,6),(147,1326,'Escolha sua Bebida','sum',1,1,1,1,0,5),(162,1104,'Escolha seu queijo','sum',1,1,1,1,0,1),(194,1326,'Escolha sua batata','sum',1,1,1,1,0,3),(197,1326,'Esolha o tempero da sua Batata','sum',1,1,3,1,0,4),(198,1326,'Sobremesa no seu combo','sum',0,0,2,1,0,8),(297,1885,'Sabores Teste','sum',1,1,1,1,0,0),(298,1920,'Turbine seu Gyros','sum',0,0,0,1,0,0),(299,1354,'Escolha seu queijo','sum',0,0,0,1,0,0),(301,1368,'Escolha seu queijo','sum',0,0,0,1,0,0),(302,1927,'Escolha seu queijo','sum',0,0,0,1,0,0),(304,1930,'Sabores','sum',0,1,1,1,0,0),(305,1927,'Adicionais','sum',0,0,0,1,0,0),(306,1348,'Escolha seu queijo','sum',0,0,0,1,0,0),(309,1116,'Escolha o tamanho - M(130g+60g) / G(290g+90g)','sum',0,0,0,1,0,0),(310,1116,'Escolha o tamanho','sum',0,0,0,1,0,0),(311,1116,'Escolha o melhor tempero','sum',0,0,0,1,0,0),(312,1106,'Escolha seu queijo Gratinado','sum',0,0,0,1,0,0),(313,1105,'Escolha seu queijo Gratinado','sum',0,0,0,1,0,0);
/*!40000 ALTER TABLE `product_group` ENABLE KEYS */;
UNLOCK TABLES;

--
-- Table structure for table `product_group_parent`
--

DROP TABLE IF EXISTS `product_group_parent`;
/*!40101 SET @saved_cs_client     = @@character_set_client */;
/*!50503 SET character_set_client = utf8mb4 */;
CREATE TABLE `product_group_parent` (
  `id` int(11) NOT NULL AUTO_INCREMENT,
  `product_group_id` int(11) NOT NULL,
  `parent_product_id` int(11) NOT NULL,
  `active` tinyint(1) NOT NULL DEFAULT 1,
  PRIMARY KEY (`id`),
  UNIQUE KEY `product_group_parent_unique` (`product_group_id`,`parent_product_id`),
  KEY `product_group_parent_product_id` (`parent_product_id`),
  KEY `IDX_1BB5D390198093C5` (`product_group_id`),
  CONSTRAINT `FK_1BB5D390198093C5` FOREIGN KEY (`product_group_id`) REFERENCES `product_group` (`id`) ON DELETE CASCADE,
  CONSTRAINT `FK_1BB5D390727ACA70` FOREIGN KEY (`parent_product_id`) REFERENCES `product` (`id`) ON DELETE CASCADE
) ENGINE=InnoDB AUTO_INCREMENT=368 DEFAULT CHARSET=utf8mb4 COLLATE=utf8mb4_unicode_ci;
/*!40101 SET character_set_client = @saved_cs_client */;

--
-- Dumping data for table `product_group_parent`
--

LOCK TABLES `product_group_parent` WRITE;
/*!40000 ALTER TABLE `product_group_parent` DISABLE KEYS */;
INSERT INTO `product_group_parent` VALUES (1,1,1,1),(2,2,1,1),(3,10,2,1),(4,11,2,1),(5,12,2,1),(6,13,305,1),(7,14,305,1),(8,15,305,1),(9,16,305,1),(10,17,309,1),(11,18,309,1),(12,19,309,1),(13,20,690,1),(14,33,1012,1),(15,34,1012,1),(16,35,1012,1),(17,36,1033,1),(18,37,1033,1),(19,39,7,1),(20,41,233,1),(21,42,7,1),(22,43,7,1),(23,44,7,1),(24,45,7,1),(25,46,8,1),(26,47,7,1),(27,48,7,1),(28,49,7,1),(29,51,181,1),(30,52,164,1),(31,55,175,1),(32,56,1,1),(33,57,1054,1),(34,97,1104,1),(35,98,1104,1),(36,99,1104,1),(37,100,1104,1),(38,101,1104,1),(39,102,1104,1),(53,116,1107,1),(61,125,1115,1),(68,138,1279,1),(69,140,1316,1),(70,141,1321,1),(71,142,1326,1),(72,144,1326,1),(73,145,1326,1),(74,146,1326,1),(75,147,1326,1),(76,162,1104,1),(79,194,1326,1),(80,197,1326,1),(81,198,1326,1),(144,97,1105,1),(146,98,1105,1),(147,99,1105,1),(148,99,1107,1),(149,100,1107,1),(150,101,1107,1),(151,102,1105,1),(152,102,1107,1),(176,97,1106,1),(177,97,1107,1),(178,98,1106,1),(179,99,1106,1),(180,100,1105,1),(181,100,1106,1),(182,101,1105,1),(183,101,1106,1),(184,101,1117,1),(185,102,1106,1),(187,162,1105,1),(188,162,1106,1),(189,162,1107,1),(287,99,1343,1),(288,97,1354,1),(289,99,1354,1),(290,99,1348,1),(291,97,1348,1),(292,99,1368,1),(293,97,1368,1),(294,100,1108,1),(295,100,1116,1),(296,98,1116,1),(297,197,1116,1),(298,98,1115,1),(299,100,1115,1),(300,100,1880,1),(301,197,1880,1),(302,197,1108,1),(303,194,1343,1),(304,102,1343,1),(305,147,1343,1),(306,194,1354,1),(307,147,1354,1),(308,102,1354,1),(309,97,1343,1),(310,194,1348,1),(311,102,1348,1),(312,147,1348,1),(313,147,1368,1),(314,102,1368,1),(315,194,1368,1),(317,297,1885,1),(318,298,1920,1),(319,98,1917,1),(320,100,1917,1),(321,101,1917,1),(322,102,1917,1),(323,98,1918,1),(324,100,1918,1),(325,102,1918,1),(326,101,1918,1),(327,98,1919,1),(328,101,1919,1),(329,102,1919,1),(330,100,1919,1),(331,299,1354,1),(333,301,1368,1),(334,99,1923,1),(335,97,1923,1),(336,162,1923,1),(337,100,1923,1),(338,98,1923,1),(339,102,1923,1),(340,101,1923,1),(341,98,1343,1),(342,98,1354,1),(343,98,1348,1),(344,98,1368,1),(345,98,1926,1),(346,194,1926,1),(347,147,1926,1),(349,102,1926,1),(350,97,1926,1),(351,162,1926,1),(352,162,1343,1),(353,99,1926,1),(354,302,1927,1),(355,162,1115,1),(357,304,1930,1),(358,305,1927,1),(359,306,1348,1),(362,309,1116,1),(363,162,1116,1),(364,310,1116,1),(365,311,1116,1),(366,312,1106,1),(367,313,1105,1);
/*!40000 ALTER TABLE `product_group_parent` ENABLE KEYS */;
UNLOCK TABLES;

--
-- Table structure for table `product_group_product`
--

DROP TABLE IF EXISTS `product_group_product`;
/*!40101 SET @saved_cs_client     = @@character_set_client */;
/*!50503 SET character_set_client = utf8mb4 */;
CREATE TABLE `product_group_product` (
  `id` int(11) NOT NULL AUTO_INCREMENT,
  `product_id` int(11) NOT NULL,
  `product_group_id` int(11) DEFAULT NULL,
  `product_type` enum('feedstock','component','package') CHARACTER SET utf8mb3 COLLATE utf8mb3_general_ci NOT NULL,
  `product_child_id` int(11) NOT NULL,
  `quantity` decimal(10,3) DEFAULT NULL,
  `price` float NOT NULL,
  `active` tinyint(1) NOT NULL DEFAULT 1,
  `show_in_parent_queue` tinyint(1) NOT NULL DEFAULT 1,
  PRIMARY KEY (`id`),
  UNIQUE KEY `product_group` (`product_group_id`,`product_type`,`product_child_id`,`product_id`,`quantity`) USING BTREE,
  KEY `product_id` (`product_child_id`),
  KEY `product_id_2` (`product_id`),
  CONSTRAINT `product_group_product_ibfk_2` FOREIGN KEY (`product_child_id`) REFERENCES `product` (`id`) ON DELETE CASCADE ON UPDATE CASCADE,
  CONSTRAINT `product_group_product_ibfk_4` FOREIGN KEY (`product_id`) REFERENCES `product` (`id`) ON UPDATE CASCADE,
  CONSTRAINT `product_group_product_ibfk_5` FOREIGN KEY (`product_group_id`) REFERENCES `product_group` (`id`) ON DELETE CASCADE ON UPDATE CASCADE
) ENGINE=InnoDB AUTO_INCREMENT=1839 DEFAULT CHARSET=utf8mb4 COLLATE=utf8mb4_unicode_ci;
/*!40101 SET character_set_client = @saved_cs_client */;

--
-- Dumping data for table `product_group_product`
--

LOCK TABLES `product_group_product` WRITE;
/*!40000 ALTER TABLE `product_group_product` DISABLE KEYS */;
INSERT INTO `product_group_product` VALUES (83,3,1,'feedstock',18,0.100,0,1,1),(84,3,1,'feedstock',19,0.050,0,1,1),(85,3,1,'feedstock',20,0.100,0,1,1),(86,3,1,'feedstock',21,0.050,0,1,1),(87,3,1,'feedstock',22,0.200,0,1,1),(93,1,2,'component',14,0.000,12,1,1),(118,2,10,'component',23,0.000,0,1,1),(120,11,1,'feedstock',20,100.000,0,1,1),(121,11,1,'feedstock',16,4.000,0,1,1),(122,11,1,'feedstock',15,1.000,0,1,1),(123,11,1,'feedstock',29,180.000,0,1,1),(124,2,11,'component',10,0.000,18,1,1),(125,2,11,'component',28,0.000,22,1,1),(126,1,1,'component',30,0.000,70,1,1),(127,1,1,'component',29,0.000,48,1,1),(128,30,1,'feedstock',20,1.000,0,1,1),(130,30,1,'feedstock',16,0.000,0,1,1),(131,30,1,'feedstock',15,0.000,0,1,1),(132,30,1,'feedstock',30,0.000,0,1,1),(133,28,1,'feedstock',15,0.000,0,1,1),(134,28,1,'feedstock',22,0.000,0,1,1),(135,1,1,'component',42,0.000,76,1,1),(136,1,1,'component',41,0.000,76,1,1),(137,1,1,'component',43,0.000,60,1,1),(138,1,1,'component',44,0.000,65,1,1),(139,1,1,'component',45,0.000,55,1,1),(140,1,1,'component',46,0.000,55,1,1),(141,1,1,'component',13,0.000,60,1,1),(142,1,1,'component',47,0.000,65,1,1),(143,1,1,'component',48,0.000,62,1,1),(144,1,1,'component',49,0.000,60,1,1),(145,1,1,'component',50,0.000,60,1,1),(146,1,1,'component',51,0.000,60,1,1),(147,1,1,'component',52,0.000,65,1,1),(148,1,1,'component',53,0.000,70,1,1),(149,1,1,'component',54,0.000,65,1,1),(150,1,1,'component',55,0.000,55,1,1),(151,1,1,'component',56,0.000,60,1,1),(152,1,1,'component',57,0.000,60,1,1),(153,1,1,'component',58,0.000,68,1,1),(154,1,1,'component',59,0.000,68,1,1),(155,1,1,'component',60,0.000,48,1,1),(156,1,1,'component',61,0.000,60,1,1),(157,1,1,'component',62,0.000,65,1,1),(158,1,1,'component',10,0.000,48,1,1),(159,1,1,'component',64,0.000,65,1,1),(160,1,1,'component',65,0.000,75,1,1),(161,1,1,'component',66,0.000,60,1,1),(162,1,1,'component',67,0.000,66,1,1),(163,1,1,'component',68,0.000,70,1,1),(164,1,1,'component',69,0.000,65,1,1),(165,1,1,'component',70,0.000,70,1,1),(166,1,1,'component',71,0.000,65,1,1),(167,1,1,'component',72,0.000,60,1,1),(168,305,14,'component',307,1.000,2,1,1),(169,305,15,'component',308,1.000,2,1,1),(170,309,17,'component',310,1.000,1,1,1),(171,309,18,'component',311,1.000,1,1,1),(172,309,19,'component',312,1.000,1,1,1),(185,1012,33,'component',1013,1.000,0,1,1),(186,1012,34,'component',1014,1.000,1200,1,1),(187,1012,33,'component',1015,1.000,800,1,1),(188,1012,34,'component',1016,1.000,0,1,1),(189,1012,35,'component',1017,1.000,500,1,1),(190,1012,35,'component',1018,1.000,300,1,1),(191,1033,36,'component',1034,1.000,0,1,1),(192,1033,37,'component',1035,1.000,1200,1,1),(193,1,56,'component',1046,1.000,10,1,1),(194,1054,57,'component',13,1.000,2,1,1),(195,13,57,'feedstock',1055,1.500,0,1,1),(367,1104,97,'component',1337,1.000,7.99,1,1),(374,1104,98,'component',1369,1.000,7.99,1,1),(375,1104,99,'component',1127,1.000,0,1,1),(377,1104,99,'component',1129,1.000,0,1,1),(379,1104,100,'component',1111,1.000,5.99,1,0),(380,1104,100,'component',1112,1.000,5.99,1,0),(381,1104,100,'component',1113,1.000,5.99,1,0),(382,1104,100,'component',1114,1.000,5.99,1,0),(383,1104,101,'component',1131,1.000,9.99,1,0),(384,1104,101,'component',1132,1.000,9.99,1,0),(385,1104,101,'component',1133,1.000,7.99,1,0),(386,1104,101,'component',1134,1.000,17.99,1,0),(387,1104,101,'component',1135,1.000,7.99,1,0),(389,1104,101,'component',1137,1.000,7.99,1,0),(392,1105,97,'component',1377,1.000,9.99,1,1),(393,1105,97,'component',1337,1.000,7.99,1,1),(394,1105,97,'component',1878,1.000,7.99,1,1),(395,1105,97,'component',1361,1.000,9.99,1,1),(396,1105,98,'component',1341,1.000,5.99,1,1),(397,1105,98,'component',1364,1.000,7.99,1,1),(398,1105,98,'component',1356,1.000,7.99,1,1),(399,1105,98,'component',1338,1.000,7.99,1,1),(400,1105,98,'component',1369,1.000,7.99,1,1),(401,1105,99,'component',1127,1.000,0,1,1),(402,1105,99,'component',1342,1.000,0,1,1),(403,1105,99,'component',1129,1.000,0,1,1),(404,1105,99,'component',1359,1.000,0,1,1),(405,1105,100,'component',1111,1.000,5.99,1,0),(406,1105,100,'component',1112,1.000,5.99,1,0),(407,1105,100,'component',1113,1.000,5.99,1,0),(408,1105,100,'component',1114,1.000,5.99,1,0),(409,1105,101,'component',1131,1.000,9.99,1,0),(410,1105,101,'component',1132,1.000,9.99,1,0),(411,1105,101,'component',1133,1.000,7.99,1,0),(412,1105,101,'component',1134,1.000,17.99,1,0),(413,1105,101,'component',1135,1.000,7.99,1,0),(415,1105,101,'component',1137,1.000,8,1,0),(418,1106,97,'component',1377,1.000,9.99,1,1),(419,1106,97,'component',1337,1.000,7.99,1,1),(420,1106,97,'component',1878,1.000,7.99,1,1),(421,1106,97,'component',1361,1.000,9.99,1,1),(423,1106,98,'component',1364,1.000,7.99,1,1),(424,1106,98,'component',1356,1.000,7.99,1,1),(425,1106,98,'component',1338,1.000,7.99,1,1),(426,1106,98,'component',1369,1.000,7.99,1,1),(427,1106,99,'component',1127,1.000,0,1,1),(429,1106,99,'component',1129,1.000,0,1,1),(431,1106,100,'component',1111,1.000,5.99,1,0),(432,1106,100,'component',1112,1.000,5.99,1,0),(433,1106,100,'component',1113,1.000,5.99,1,0),(434,1106,100,'component',1114,1.000,5.99,1,0),(435,1106,101,'component',1131,1.000,9.99,1,0),(436,1106,101,'component',1132,1.000,9.99,1,0),(437,1106,101,'component',1133,1.000,7.99,1,0),(438,1106,101,'component',1134,1.000,17.99,1,0),(439,1106,101,'component',1135,1.000,7.99,1,0),(441,1106,101,'component',1137,1.000,8,1,0),(444,1107,97,'component',1377,1.000,9.99,1,1),(445,1107,97,'component',1337,1.000,7.99,1,1),(449,1107,116,'component',1364,1.000,7.99,1,1),(450,1107,116,'component',1356,1.000,7.99,1,1),(451,1107,116,'component',1338,1.000,7.99,1,1),(452,1107,116,'component',1369,1.000,7.99,1,1),(453,1107,99,'component',1127,1.000,0,1,1),(454,1107,99,'component',1342,1.000,0,1,1),(455,1107,99,'component',1129,1.000,0,1,1),(456,1107,99,'component',1359,1.000,0,1,1),(457,1107,100,'component',1111,1.000,5.99,1,0),(458,1107,100,'component',1112,1.000,5.99,1,0),(459,1107,100,'component',1113,1.000,5.99,1,0),(460,1107,100,'component',1114,1.000,5.99,1,0),(461,1107,101,'component',1131,1.000,9.99,1,0),(462,1107,101,'component',1132,1.000,9.99,1,0),(463,1107,101,'component',1133,1.000,7.99,1,0),(464,1107,101,'component',1134,1.000,17.99,1,0),(465,1107,101,'component',1135,1.000,7.99,1,0),(467,1107,101,'component',1137,1.000,7.99,1,0),(484,1115,125,'component',1377,1.000,12.9,1,1),(563,1117,101,'component',1147,1.000,4.99,1,1),(564,1117,101,'component',1148,1.000,4.99,1,1),(565,1117,101,'component',1149,1.000,9.99,1,1),(566,1117,101,'component',1150,1.000,11.99,1,1),(567,1117,101,'component',1131,1.000,9.99,1,1),(568,1117,101,'component',1132,1.000,9.99,1,1),(569,1117,101,'component',1135,1.000,7.99,1,1),(570,1117,101,'component',1134,1.000,17.99,1,1),(571,1117,101,'component',1137,1.000,7.99,1,1),(572,1117,101,'component',1151,1.000,7.99,1,1),(573,1117,101,'component',1133,1.000,7.99,1,1),(574,1117,101,'component',1152,1.000,9.99,1,1),(575,1117,101,'component',1153,1.000,9.99,1,1),(576,1117,101,'component',1154,1.000,8.99,1,1),(577,1117,101,'component',1155,1.000,8,1,1),(578,1117,101,'component',1156,1.000,9.99,1,1),(579,1279,138,'feedstock',1311,6.000,39.9,1,1),(581,1279,138,'feedstock',1311,12.000,69.9,1,1),(585,1316,140,'component',1312,100.000,100,1,1),(586,1316,140,'component',1313,250.000,375,1,1),(587,1316,140,'component',1314,500.000,750,1,1),(588,1316,140,'component',1315,1000.000,1500,1,1),(589,1316,140,'component',1320,100.000,150,1,1),(590,1316,140,'component',1317,1000.000,1000,1,1),(591,1316,140,'component',1318,500.000,500,1,1),(592,1316,140,'component',1319,250.000,250,1,1),(593,1321,141,'component',1322,1.000,0,1,1),(595,13,57,'feedstock',1325,1.000,0,1,1),(597,1326,142,'component',1364,1.000,7.99,1,1),(600,1326,142,'component',1369,1.000,7.99,1,1),(601,1326,142,'component',1361,1.000,9.9,1,1),(603,1326,142,'component',1337,1.000,7.99,1,1),(604,1326,142,'component',1377,1.000,7.99,1,1),(605,1326,142,'component',1327,1.000,6.49,1,1),(616,1326,147,'component',1148,1.000,0,1,1),(618,1326,147,'component',1147,1.000,0,1,1),(619,1326,147,'component',1135,1.000,0.99,1,1),(620,1326,147,'component',1137,1.000,0.99,1,1),(621,1326,147,'component',1133,1.000,0,1,1),(622,1326,147,'component',1151,1.000,0,1,1),(623,1326,147,'component',1154,1.000,1.49,1,1),(624,1326,147,'component',1155,1.000,0,1,1),(625,1326,147,'component',1131,1.000,1.49,1,1),(626,1326,147,'component',1132,1.000,1.49,1,1),(627,1326,147,'component',1149,1.000,2.49,1,1),(628,1326,147,'component',1150,1.000,2.99,1,1),(629,1326,147,'component',1152,1.000,1.49,1,1),(630,1326,147,'component',1153,1.000,1.49,1,1),(631,1326,147,'component',1156,1.000,1.69,1,1),(644,1326,144,'component',1107,1.000,1.99,1,1),(645,1104,100,'component',1327,1.000,6.49,1,0),(646,1104,101,'component',1147,1.000,4.99,1,0),(647,1104,101,'component',1148,1.000,4.99,1,0),(648,1104,101,'component',1149,1.000,9.99,1,0),(649,1104,101,'component',1150,1.000,11.99,1,0),(650,1104,101,'component',1151,1.000,7.99,1,0),(651,1104,101,'component',1154,1.000,8.99,1,0),(652,1104,101,'component',1155,1.000,7.99,1,0),(669,1105,162,'component',1356,1.000,0,1,1),(671,1105,162,'component',1369,1.000,0,1,1),(673,1104,162,'component',1356,1.000,0,1,1),(677,1106,162,'component',1356,1.000,0,1,1),(684,1326,142,'component',1114,1.000,5.99,1,1),(685,1326,142,'component',1111,1.000,5.99,1,1),(686,1326,142,'component',1113,1.000,3.49,1,1),(687,1326,142,'component',1112,1.000,5.99,1,1),(709,1104,162,'component',1358,1.000,0,1,1),(710,1105,162,'component',1358,1.000,0,1,1),(711,1106,162,'component',1358,1.000,0,1,1),(749,1106,162,'component',1364,1.000,0,1,1),(756,1105,162,'component',1364,1.000,0,1,1),(758,1106,162,'component',1338,1.000,0,1,1),(759,1326,144,'component',1104,1.000,3.99,1,1),(760,1326,142,'component',1341,1.000,5.99,1,1),(766,1104,99,'component',1342,1.000,0,1,1),(767,1326,144,'component',1106,1.000,0,1,1),(775,1105,100,'component',1327,1.000,6.49,1,0),(776,1106,100,'component',1327,1.000,6.49,1,0),(777,1105,101,'component',1147,1.000,4.99,1,0),(778,1105,101,'component',1148,1.000,4.99,1,0),(779,1105,101,'component',1149,1.000,9.99,1,0),(780,1105,101,'component',1150,1.000,11.99,1,0),(781,1105,101,'component',1151,1.000,7.99,1,0),(782,1105,101,'component',1154,1.000,8.99,1,0),(783,1105,101,'component',1155,1.000,7.99,1,0),(784,1106,101,'component',1147,1.000,4.99,1,0),(785,1106,101,'component',1148,1.000,4.99,1,0),(786,1106,101,'component',1149,1.000,9.99,1,0),(787,1106,101,'component',1150,1.000,11.99,1,0),(788,1106,101,'component',1151,1.000,7.99,1,0),(789,1106,101,'component',1154,1.000,8.99,1,0),(790,1106,101,'component',1155,1.000,7.99,1,0),(798,1115,125,'component',1337,1.000,11.9,1,1),(800,1106,102,'component',1109,1.000,14.9,1,0),(801,1326,198,'component',1109,1.000,14.9,1,0),(802,1105,102,'component',1109,1.000,14.9,1,0),(803,1104,102,'component',1109,1.000,14.9,1,0),(804,1107,100,'component',1327,1.000,6.49,1,0),(805,1107,101,'component',1147,1.000,4.99,1,0),(806,1107,101,'component',1148,1.000,4.99,1,0),(807,1107,101,'component',1149,1.000,9.99,1,0),(808,1107,101,'component',1150,1.000,11.99,1,0),(809,1107,101,'component',1151,1.000,7.99,1,0),(810,1107,101,'component',1154,1.000,8.99,1,0),(811,1107,101,'component',1155,1.000,7.99,1,0),(812,1107,102,'component',1109,1.000,14.9,1,0),(815,1107,162,'component',1338,1.000,0,1,1),(817,1107,162,'component',1358,1.000,0,1,1),(818,1105,101,'component',1152,1.000,9.99,1,0),(819,1105,101,'component',1153,1.000,9.99,1,0),(820,1105,101,'component',1156,1.000,9.99,1,0),(821,1104,101,'component',1152,1.000,9.99,1,0),(822,1104,101,'component',1153,1.000,9.99,1,0),(823,1104,101,'component',1156,1.000,9.99,1,0),(824,1106,101,'component',1152,1.000,9.99,1,0),(825,1106,101,'component',1153,1.000,9.99,1,0),(826,1106,101,'component',1156,1.000,9.99,1,0),(827,1107,101,'component',1152,1.000,9.99,1,0),(828,1107,101,'component',1153,1.000,9.99,1,0),(829,1107,101,'component',1156,1.000,9.99,1,0),(834,1104,162,'component',1364,1.000,0,1,1),(835,1326,194,'component',1375,1.000,10.9,1,1),(836,1326,197,'component',1340,1.000,0,1,1),(837,1326,145,'component',1357,1.000,0,1,1),(838,1104,162,'component',1338,1.000,0,1,1),(841,1106,98,'component',1341,1.000,5.99,1,1),(843,1326,194,'component',1376,1.000,0,1,1),(844,1326,144,'component',1105,1.000,0,1,1),(845,1106,99,'component',1342,1.000,0,1,1),(846,1326,145,'component',1358,1.000,0,1,1),(849,1104,97,'component',1361,1.000,9.99,1,1),(850,1104,98,'component',1341,1.000,5.99,1,1),(852,1107,162,'component',1364,1.000,0,1,1),(853,1107,97,'component',1361,1.000,9.99,1,1),(854,1326,146,'component',1362,1.000,0.69,1,1),(857,1107,162,'component',1356,1.000,0,1,1),(858,1326,197,'component',1365,1.000,1.5,1,1),(859,1104,97,'component',1377,1.000,9.99,1,1),(860,1104,98,'component',1356,1.000,7.99,1,1),(861,1115,125,'component',1361,1.000,15.9,1,1),(862,1115,125,'component',1378,1.000,11.9,1,1),(866,1337,97,'feedstock',1380,150.000,3.49,1,1),(869,1326,142,'component',1338,1.000,7.99,1,1),(870,1326,142,'component',1356,1.000,7.99,1,1),(871,1326,197,'component',1360,1.000,1.5,1,1),(872,1104,162,'component',1369,1.000,0,1,1),(873,1104,97,'component',1878,1.000,7.99,1,1),(874,1104,98,'component',1338,1.000,7.99,1,1),(875,1104,99,'component',1359,1.000,0,1,1),(876,1107,162,'component',1369,1.000,0,1,1),(877,1107,97,'component',1878,1.000,7.99,1,1),(878,1106,162,'component',1369,1.000,0,1,1),(882,1104,98,'component',1364,1.000,7.99,1,1),(883,1106,99,'component',1359,1.000,0,1,1),(884,1326,145,'component',1367,1.000,0,1,1),(885,1326,146,'component',1363,1.000,0.69,1,1),(886,1326,146,'component',1879,1.000,2.99,1,1),(887,1105,162,'component',1338,1.000,0,1,1),(1409,1343,99,'component',1127,1.000,0,1,1),(1410,1343,99,'component',1129,1.000,0,1,1),(1411,1343,99,'component',1342,1.000,0,1,1),(1412,1343,99,'component',1359,1.000,0,1,1),(1413,1354,97,'component',1337,1.000,7.99,1,1),(1414,1354,97,'component',1361,1.000,9.99,1,1),(1415,1354,97,'component',1377,1.000,9.99,1,1),(1416,1354,97,'component',1878,1.000,7.99,1,1),(1417,1354,99,'component',1127,1.000,0,1,1),(1418,1354,99,'component',1129,1.000,0,1,1),(1419,1354,99,'component',1342,1.000,0,1,1),(1420,1354,99,'component',1359,1.000,0,1,1),(1421,1348,99,'component',1127,1.000,0,1,1),(1422,1348,99,'component',1129,1.000,0,1,1),(1423,1348,99,'component',1342,1.000,0,1,1),(1424,1348,99,'component',1359,1.000,0,1,1),(1425,1348,97,'component',1337,1.000,7.99,1,1),(1426,1348,97,'component',1361,1.000,9.99,1,1),(1427,1348,97,'component',1377,1.000,9.99,1,1),(1428,1348,97,'component',1878,1.000,7.99,1,1),(1429,1368,99,'component',1127,1.000,0,1,1),(1430,1368,99,'component',1129,1.000,0,1,1),(1431,1368,99,'component',1342,1.000,0,1,1),(1432,1368,99,'component',1359,1.000,0,1,1),(1433,1368,97,'component',1337,1.000,7.99,1,1),(1434,1368,97,'component',1361,1.000,9.99,1,1),(1435,1368,97,'component',1377,1.000,9.99,1,1),(1436,1368,97,'component',1878,1.000,7.99,1,1),(1437,1108,100,'component',1111,1.000,5.99,1,1),(1438,1108,100,'component',1112,1.000,5.99,1,1),(1439,1108,100,'component',1113,1.000,5.99,1,1),(1440,1108,100,'component',1114,1.000,5.99,1,1),(1441,1108,100,'component',1327,1.000,6.49,1,1),(1442,1116,100,'component',1111,1.000,5.99,1,1),(1443,1116,100,'component',1112,1.000,5.99,1,1),(1444,1116,100,'component',1113,1.000,5.99,1,1),(1445,1116,100,'component',1114,1.000,5.99,1,1),(1446,1116,100,'component',1327,1.000,6.49,1,1),(1447,1116,98,'component',1369,1.000,7.99,1,1),(1448,1116,98,'component',1341,1.000,5.99,1,1),(1449,1116,98,'component',1356,1.000,7.99,1,1),(1450,1116,98,'component',1338,1.000,7.99,1,1),(1451,1116,98,'component',1364,1.000,7.99,1,1),(1452,1116,197,'component',1340,1.000,0,1,1),(1453,1116,197,'component',1365,1.000,1.5,1,1),(1454,1116,197,'component',1360,1.000,1.5,1,1),(1455,1115,98,'component',1369,1.000,7.99,1,1),(1456,1115,98,'component',1341,1.000,5.99,1,1),(1457,1115,98,'component',1356,1.000,7.99,1,1),(1458,1115,98,'component',1338,1.000,7.99,1,1),(1459,1115,98,'component',1364,1.000,7.99,1,1),(1460,1115,100,'component',1111,1.000,5.99,1,1),(1461,1115,100,'component',1112,1.000,5.99,1,1),(1462,1115,100,'component',1113,1.000,5.99,1,1),(1463,1115,100,'component',1114,1.000,5.99,1,1),(1464,1115,100,'component',1327,1.000,6.49,1,1),(1465,1880,100,'component',1111,1.000,5.99,1,1),(1466,1880,100,'component',1112,1.000,5.99,1,1),(1467,1880,100,'component',1113,1.000,5.99,1,1),(1468,1880,100,'component',1114,1.000,5.99,1,1),(1469,1880,100,'component',1327,1.000,6.49,1,1),(1470,1880,197,'component',1340,1.000,0,1,1),(1471,1880,197,'component',1365,1.000,1.5,1,1),(1472,1880,197,'component',1360,1.000,1.5,1,1),(1473,1108,197,'component',1340,1.000,0,1,1),(1474,1108,197,'component',1365,1.000,1.5,1,1),(1475,1108,197,'component',1360,1.000,1.5,1,1),(1478,1343,194,'component',1108,1.000,0,1,0),(1479,1343,194,'component',1880,1.000,10.9,1,0),(1480,1343,102,'component',1109,1.000,14.9,1,0),(1481,1343,147,'component',1148,1.000,0,1,0),(1482,1343,147,'component',1147,1.000,0,1,0),(1483,1343,147,'component',1135,1.000,0.99,1,0),(1484,1343,147,'component',1137,1.000,0.99,1,0),(1485,1343,147,'component',1133,1.000,0,1,0),(1486,1343,147,'component',1151,1.000,0,1,0),(1487,1343,147,'component',1154,1.000,1.49,1,0),(1488,1343,147,'component',1155,1.000,0,1,0),(1489,1343,147,'component',1131,1.000,1.49,1,0),(1490,1343,147,'component',1132,1.000,1.49,1,0),(1491,1343,147,'component',1149,1.000,2.49,1,0),(1492,1343,147,'component',1150,1.000,2.99,1,0),(1493,1343,147,'component',1152,1.000,1.49,1,0),(1494,1343,147,'component',1153,1.000,1.49,1,0),(1495,1343,147,'component',1156,1.000,1.69,1,0),(1498,1354,147,'component',1148,1.000,0,1,0),(1499,1354,147,'component',1147,1.000,0,1,0),(1500,1354,147,'component',1135,1.000,0.99,1,0),(1501,1354,147,'component',1137,1.000,0.99,1,0),(1502,1354,147,'component',1133,1.000,0,1,0),(1503,1354,147,'component',1151,1.000,0,1,0),(1504,1354,147,'component',1154,1.000,1.49,1,0),(1505,1354,147,'component',1155,1.000,0,1,0),(1506,1354,147,'component',1131,1.000,1.49,1,0),(1507,1354,147,'component',1132,1.000,1.49,1,0),(1508,1354,147,'component',1149,1.000,2.49,1,0),(1509,1354,147,'component',1150,1.000,2.99,1,0),(1510,1354,147,'component',1152,1.000,1.49,1,0),(1511,1354,147,'component',1153,1.000,1.49,1,0),(1512,1354,147,'component',1156,1.000,1.69,1,0),(1513,1354,102,'component',1109,1.000,14.9,1,0),(1514,1343,97,'component',1337,1.000,7.99,1,1),(1515,1343,97,'component',1361,1.000,9.99,1,1),(1516,1343,97,'component',1377,1.000,9.99,1,1),(1517,1343,97,'component',1878,1.000,7.99,1,1),(1520,1348,102,'component',1109,1.000,14.9,1,0),(1521,1348,147,'component',1148,1.000,0,1,0),(1522,1348,147,'component',1147,1.000,0,1,0),(1523,1348,147,'component',1135,1.000,0.99,1,0),(1524,1348,147,'component',1137,1.000,0.99,1,0),(1525,1348,147,'component',1133,1.000,0,1,0),(1526,1348,147,'component',1151,1.000,0,1,0),(1527,1348,147,'component',1154,1.000,1.49,1,0),(1528,1348,147,'component',1155,1.000,0,1,0),(1529,1348,147,'component',1131,1.000,1.49,1,0),(1530,1348,147,'component',1132,1.000,1.49,1,0),(1531,1348,147,'component',1149,1.000,2.49,1,0),(1532,1348,147,'component',1150,1.000,2.99,1,0),(1533,1348,147,'component',1152,1.000,1.49,1,0),(1534,1348,147,'component',1153,1.000,1.49,1,0),(1535,1348,147,'component',1156,1.000,1.69,1,0),(1536,1368,147,'component',1148,1.000,0,1,0),(1537,1368,147,'component',1147,1.000,0,1,0),(1538,1368,147,'component',1135,1.000,0.99,1,0),(1539,1368,147,'component',1137,1.000,0.99,1,0),(1540,1368,147,'component',1133,1.000,0,1,0),(1541,1368,147,'component',1151,1.000,0,1,0),(1542,1368,147,'component',1154,1.000,1.49,1,0),(1543,1368,147,'component',1155,1.000,0,1,0),(1544,1368,147,'component',1131,1.000,1.49,1,0),(1545,1368,147,'component',1132,1.000,1.49,1,0),(1546,1368,147,'component',1149,1.000,2.49,1,0),(1547,1368,147,'component',1150,1.000,2.99,1,0),(1548,1368,147,'component',1152,1.000,1.49,1,0),(1549,1368,147,'component',1153,1.000,1.49,1,0),(1550,1368,147,'component',1156,1.000,1.69,1,0),(1551,1368,102,'component',1109,1.000,14.9,1,0),(1554,1354,194,'component',1108,1.000,0,1,0),(1555,1354,194,'component',1880,1.000,10.9,1,0),(1556,1348,194,'component',1880,1.000,10.9,1,0),(1557,1348,194,'component',1108,1.000,0,1,0),(1558,1368,194,'component',1880,1.000,10.9,1,0),(1559,1368,194,'component',1108,1.000,0,1,0),(1564,1343,NULL,'feedstock',1881,150.000,4,1,1),(1567,1885,297,'component',1017,1.000,24,1,1),(1569,1104,NULL,'feedstock',1881,150.000,7.01,1,1),(1570,1104,NULL,'feedstock',1882,1.000,1.9,1,1),(1571,1104,NULL,'feedstock',1883,20.000,1.23,1,1),(1572,1104,NULL,'feedstock',1887,10.000,0.36,1,1),(1573,1104,NULL,'feedstock',1888,60.000,0.95,1,1),(1574,1104,NULL,'feedstock',1894,1.000,0.15,1,1),(1575,1104,NULL,'feedstock',1895,1.000,0.07,1,1),(1576,1356,162,'feedstock',1890,90.000,3.66,1,1),(1577,1364,162,'feedstock',1889,90.000,3.31,1,1),(1578,1338,162,'feedstock',1891,90.000,3,1,1),(1579,1369,162,'feedstock',1892,90.000,2.45,1,1),(1580,1361,97,'feedstock',1881,150.000,7.01,1,1),(1581,1878,97,'feedstock',1896,150.000,3.16,1,1),(1582,1377,97,'feedstock',1897,150.000,9.24,1,1),(1583,1341,98,'feedstock',1893,30.000,0.76,1,1),(1584,1356,98,'feedstock',1890,40.000,1.62,1,1),(1585,1338,98,'feedstock',1891,40.000,1.33,1,1),(1586,1369,98,'feedstock',1892,40.000,1.09,1,1),(1587,1364,98,'feedstock',1889,40.000,1.47,1,1),(1588,1111,NULL,'feedstock',1887,60.000,2.15,1,1),(1589,1111,NULL,'feedstock',1898,1.000,0.24,1,1),(1590,1112,NULL,'feedstock',1899,60.000,0.68,1,1),(1591,1112,NULL,'feedstock',1898,1.000,0.24,1,1),(1592,1113,NULL,'feedstock',1900,60.000,0.7,1,1),(1593,1113,NULL,'feedstock',1898,1.000,0.24,1,1),(1594,1114,NULL,'feedstock',1901,60.000,1.02,1,1),(1595,1114,NULL,'feedstock',1898,1.000,0.24,1,1),(1596,1327,NULL,'feedstock',1888,60.000,0.95,1,1),(1597,1327,NULL,'feedstock',1898,1.000,0.24,1,1),(1598,1109,NULL,'feedstock',1902,8.000,0.1,1,1),(1599,1109,NULL,'feedstock',1903,120.000,3.66,1,1),(1600,1109,NULL,'feedstock',1904,1.000,0.06,1,1),(1601,1147,NULL,'feedstock',1905,1.000,1.65,1,1),(1602,1148,NULL,'feedstock',1906,1.000,1.25,1,1),(1603,1149,NULL,'feedstock',1907,1.000,5.96,1,1),(1604,1150,NULL,'feedstock',1908,1.000,6.92,1,1),(1605,1131,NULL,'feedstock',1909,1.000,4.3,1,1),(1606,1132,NULL,'feedstock',1909,1.000,4.3,1,1),(1607,1135,NULL,'feedstock',1910,1.000,3.47,1,1),(1608,1134,NULL,'feedstock',1911,1.000,10.95,1,1),(1609,1137,NULL,'feedstock',1910,1.000,3.47,1,1),(1610,1151,NULL,'feedstock',1910,1.000,3.47,1,1),(1611,1133,NULL,'feedstock',1910,1.000,3.47,1,1),(1612,1152,NULL,'feedstock',1912,1.000,4.68,1,1),(1613,1153,NULL,'feedstock',1913,1.000,4.68,1,1),(1614,1154,NULL,'feedstock',1914,1.000,3.87,1,1),(1615,1155,NULL,'feedstock',1915,1.000,3.66,1,1),(1616,1156,NULL,'feedstock',1916,1.000,3.67,1,1),(1617,1885,297,'component',47,1.000,6,1,1),(1618,1920,298,'component',1361,1.000,9.99,1,1),(1619,1917,98,'component',1369,1.000,7.99,1,1),(1620,1917,98,'component',1341,1.000,5.99,1,1),(1621,1917,98,'component',1356,1.000,7.99,1,1),(1622,1917,98,'component',1338,1.000,7.99,1,1),(1623,1917,98,'component',1364,1.000,7.99,1,1),(1624,1917,100,'component',1111,1.000,5.99,1,0),(1625,1917,100,'component',1112,1.000,5.99,1,0),(1626,1917,100,'component',1113,1.000,5.99,1,0),(1627,1917,100,'component',1114,1.000,5.99,1,0),(1628,1917,100,'component',1327,1.000,6.49,1,0),(1629,1917,101,'component',1131,1.000,9.99,1,0),(1630,1917,101,'component',1132,1.000,9.99,1,0),(1631,1917,101,'component',1133,1.000,7.99,1,0),(1632,1917,101,'component',1134,1.000,17.99,1,0),(1633,1917,101,'component',1135,1.000,7.99,1,0),(1634,1917,101,'component',1137,1.000,7.99,1,0),(1635,1917,101,'component',1147,1.000,4.99,1,0),(1636,1917,101,'component',1148,1.000,4.99,1,0),(1637,1917,101,'component',1149,1.000,9.99,1,0),(1638,1917,101,'component',1150,1.000,11.99,1,0),(1639,1917,101,'component',1151,1.000,7.99,1,0),(1640,1917,101,'component',1154,1.000,8.99,1,0),(1641,1917,101,'component',1155,1.000,7.99,1,0),(1642,1917,101,'component',1152,1.000,9.99,1,0),(1643,1917,101,'component',1153,1.000,9.99,1,0),(1644,1917,101,'component',1156,1.000,9.99,1,0),(1645,1917,102,'component',1109,1.000,14.9,1,0),(1646,1918,98,'component',1369,1.000,7.99,1,1),(1647,1918,98,'component',1341,1.000,5.99,1,1),(1648,1918,98,'component',1356,1.000,7.99,1,1),(1649,1918,98,'component',1338,1.000,7.99,1,1),(1650,1918,98,'component',1364,1.000,7.99,1,1),(1651,1918,100,'component',1111,1.000,5.99,1,0),(1652,1918,100,'component',1112,1.000,5.99,1,0),(1653,1918,100,'component',1113,1.000,5.99,1,0),(1654,1918,100,'component',1114,1.000,5.99,1,0),(1655,1918,100,'component',1327,1.000,6.49,1,0),(1656,1918,102,'component',1109,1.000,14.9,1,0),(1657,1918,101,'component',1131,1.000,9.99,1,0),(1658,1918,101,'component',1132,1.000,9.99,1,0),(1659,1918,101,'component',1133,1.000,7.99,1,0),(1660,1918,101,'component',1134,1.000,17.99,1,0),(1661,1918,101,'component',1135,1.000,7.99,1,0),(1662,1918,101,'component',1137,1.000,7.99,1,0),(1663,1918,101,'component',1147,1.000,4.99,1,0),(1664,1918,101,'component',1148,1.000,4.99,1,0),(1665,1918,101,'component',1149,1.000,9.99,1,0),(1666,1918,101,'component',1150,1.000,11.99,1,0),(1667,1918,101,'component',1151,1.000,7.99,1,0),(1668,1918,101,'component',1154,1.000,8.99,1,0),(1669,1918,101,'component',1155,1.000,7.99,1,0),(1670,1918,101,'component',1152,1.000,9.99,1,0),(1671,1918,101,'component',1153,1.000,9.99,1,0),(1672,1918,101,'component',1156,1.000,9.99,1,0),(1673,1919,98,'component',1369,1.000,7.99,1,1),(1674,1919,98,'component',1341,1.000,5.99,1,1),(1675,1919,98,'component',1356,1.000,7.99,1,1),(1676,1919,98,'component',1338,1.000,7.99,1,1),(1677,1919,98,'component',1364,1.000,7.99,1,1),(1678,1919,101,'component',1131,1.000,9.99,1,0),(1679,1919,101,'component',1132,1.000,9.99,1,0),(1680,1919,101,'component',1133,1.000,7.99,1,0),(1681,1919,101,'component',1134,1.000,17.99,1,0),(1682,1919,101,'component',1135,1.000,7.99,1,0),(1683,1919,101,'component',1137,1.000,7.99,1,0),(1684,1919,101,'component',1147,1.000,4.99,1,0),(1685,1919,101,'component',1148,1.000,4.99,1,0),(1686,1919,101,'component',1149,1.000,9.99,1,0),(1687,1919,101,'component',1150,1.000,11.99,1,0),(1688,1919,101,'component',1151,1.000,7.99,1,0),(1689,1919,101,'component',1154,1.000,8.99,1,0),(1690,1919,101,'component',1155,1.000,7.99,1,0),(1691,1919,101,'component',1152,1.000,9.99,1,0),(1692,1919,101,'component',1153,1.000,9.99,1,0),(1693,1919,101,'component',1156,1.000,9.99,1,0),(1694,1919,102,'component',1109,1.000,14.9,1,0),(1695,1919,100,'component',1111,1.000,5.99,1,0),(1696,1919,100,'component',1112,1.000,5.99,1,0),(1697,1919,100,'component',1113,1.000,5.99,1,0),(1698,1919,100,'component',1114,1.000,5.99,1,0),(1699,1919,100,'component',1327,1.000,6.49,1,0),(1700,1354,299,'component',1356,1.000,0,1,1),(1702,1368,301,'component',1364,1.000,0,1,1),(1706,1368,301,'component',1356,1.000,0,1,1),(1707,1354,299,'component',1338,1.000,0,1,1),(1708,1105,NULL,'feedstock',1896,150.000,3,1,1),(1709,1923,99,'component',1127,1.000,0,1,1),(1710,1923,99,'component',1129,1.000,0,1,1),(1711,1923,99,'component',1342,1.000,0,1,1),(1712,1923,99,'component',1359,1.000,0,1,1),(1713,1923,97,'component',1337,1.000,7.99,1,1),(1714,1923,97,'component',1361,1.000,9.99,1,1),(1715,1923,97,'component',1377,1.000,9.99,1,1),(1716,1923,97,'component',1878,1.000,7.99,1,1),(1717,1923,162,'component',1356,1.000,0,1,1),(1718,1923,162,'component',1358,1.000,0,1,1),(1719,1923,162,'component',1364,1.000,0,1,1),(1720,1923,162,'component',1338,1.000,0,1,1),(1721,1923,162,'component',1369,1.000,0,1,1),(1722,1923,100,'component',1111,1.000,5.99,1,0),(1723,1923,100,'component',1112,1.000,5.99,1,0),(1724,1923,100,'component',1113,1.000,5.99,1,0),(1725,1923,100,'component',1114,1.000,5.99,1,0),(1726,1923,100,'component',1327,1.000,6.49,1,0),(1727,1923,98,'component',1369,1.000,7.99,1,1),(1728,1923,98,'component',1341,1.000,5.99,1,1),(1729,1923,98,'component',1356,1.000,7.99,1,1),(1730,1923,98,'component',1338,1.000,7.99,1,1),(1731,1923,98,'component',1364,1.000,7.99,1,1),(1732,1923,102,'component',1109,1.000,14.9,1,0),(1733,1923,101,'component',1131,1.000,9.99,1,0),(1734,1923,101,'component',1132,1.000,9.99,1,0),(1735,1923,101,'component',1133,1.000,7.99,1,0),(1736,1923,101,'component',1134,1.000,17.99,1,0),(1737,1923,101,'component',1135,1.000,7.99,1,0),(1738,1923,101,'component',1137,1.000,7.99,1,0),(1739,1923,101,'component',1147,1.000,4.99,1,0),(1740,1923,101,'component',1148,1.000,4.99,1,0),(1741,1923,101,'component',1149,1.000,9.99,1,0),(1742,1923,101,'component',1150,1.000,11.99,1,0),(1743,1923,101,'component',1151,1.000,7.99,1,0),(1744,1923,101,'component',1154,1.000,8.99,1,0),(1745,1923,101,'component',1155,1.000,7.99,1,0),(1746,1923,101,'component',1152,1.000,9.99,1,0),(1747,1923,101,'component',1153,1.000,9.99,1,0),(1748,1923,101,'component',1156,1.000,9.99,1,0),(1749,1343,98,'component',1369,1.000,7.99,1,1),(1750,1343,98,'component',1341,1.000,5.99,1,1),(1751,1343,98,'component',1356,1.000,7.99,1,1),(1752,1343,98,'component',1338,1.000,7.99,1,1),(1753,1343,98,'component',1364,1.000,7.99,1,1),(1754,1354,98,'component',1369,1.000,7.99,1,1),(1755,1354,98,'component',1341,1.000,5.99,1,1),(1756,1354,98,'component',1356,1.000,7.99,1,1),(1757,1354,98,'component',1338,1.000,7.99,1,1),(1758,1354,98,'component',1364,1.000,7.99,1,1),(1759,1348,98,'component',1369,1.000,7.99,1,1),(1760,1348,98,'component',1341,1.000,5.99,1,1),(1761,1348,98,'component',1356,1.000,7.99,1,1),(1762,1348,98,'component',1338,1.000,7.99,1,1),(1763,1348,98,'component',1364,1.000,7.99,1,1),(1764,1368,98,'component',1369,1.000,7.99,1,1),(1765,1368,98,'component',1341,1.000,5.99,1,1),(1766,1368,98,'component',1356,1.000,7.99,1,1),(1767,1368,98,'component',1338,1.000,7.99,1,1),(1768,1368,98,'component',1364,1.000,7.99,1,1),(1769,1926,98,'component',1369,1.000,7.99,1,1),(1770,1926,98,'component',1341,1.000,5.99,1,1),(1771,1926,98,'component',1356,1.000,7.99,1,1),(1772,1926,98,'component',1338,1.000,7.99,1,1),(1773,1926,98,'component',1364,1.000,7.99,1,1),(1774,1926,194,'component',1375,1.000,10.9,1,1),(1775,1926,194,'component',1376,1.000,0,1,1),(1776,1926,147,'component',1148,1.000,0,1,1),(1777,1926,147,'component',1147,1.000,0,1,1),(1778,1926,147,'component',1135,1.000,0.99,1,1),(1779,1926,147,'component',1137,1.000,0.99,1,1),(1780,1926,147,'component',1133,1.000,0,1,1),(1781,1926,147,'component',1151,1.000,0,1,1),(1782,1926,147,'component',1154,1.000,1.49,1,1),(1783,1926,147,'component',1155,1.000,0,1,1),(1784,1926,147,'component',1131,1.000,1.49,1,1),(1785,1926,147,'component',1132,1.000,1.49,1,1),(1786,1926,147,'component',1149,1.000,2.49,1,1),(1787,1926,147,'component',1150,1.000,2.99,1,1),(1788,1926,147,'component',1152,1.000,1.49,1,1),(1789,1926,147,'component',1153,1.000,1.49,1,1),(1790,1926,147,'component',1156,1.000,1.69,1,1),(1794,1926,102,'component',1109,1.000,14.9,1,1),(1795,1926,97,'component',1337,1.000,7.99,1,1),(1796,1926,97,'component',1361,1.000,9.99,1,1),(1797,1926,97,'component',1377,1.000,9.99,1,1),(1798,1926,97,'component',1878,1.000,7.99,1,1),(1799,1926,162,'component',1356,1.000,0,1,1),(1800,1926,162,'component',1358,1.000,0,1,1),(1801,1926,162,'component',1364,1.000,0,1,1),(1802,1926,162,'component',1338,1.000,0,1,1),(1803,1926,162,'component',1369,1.000,0,1,1),(1804,1343,162,'component',1356,1.000,0,1,1),(1805,1343,162,'component',1358,1.000,0,1,1),(1806,1343,162,'component',1364,1.000,0,1,1),(1807,1343,162,'component',1338,1.000,0,1,1),(1808,1343,162,'component',1369,1.000,0,1,1),(1809,1926,99,'component',1127,1.000,0,1,1),(1810,1926,99,'component',1129,1.000,0,1,1),(1811,1926,99,'component',1342,1.000,0,1,1),(1812,1926,99,'component',1359,1.000,0,1,1),(1813,1927,302,'component',1369,1.000,0,1,1),(1814,1115,162,'component',1356,1.000,0,1,1),(1815,1115,162,'component',1358,1.000,0,1,1),(1816,1115,162,'component',1364,1.000,0,1,1),(1817,1115,162,'component',1338,1.000,0,1,1),(1818,1115,162,'component',1369,1.000,0,1,1),(1819,1115,125,'component',1928,1.000,0,1,1),(1820,1105,97,'component',1928,1.000,9.9,1,1),(1821,1115,125,'component',1929,1.000,14.9,1,1),(1822,1927,302,'component',1364,1.000,0,1,1),(1823,1885,297,'component',43,1.000,8,1,1),(1824,1885,297,'component',44,1.000,5,1,1),(1825,1930,304,'component',43,1.000,10,1,1),(1826,1930,304,'component',44,1.000,4,1,1),(1827,1368,301,'component',1338,1.000,0,1,1),(1828,1927,302,'component',1338,1.000,0,1,1),(1829,1927,305,'component',1341,1.000,5.99,1,1),(1830,1368,301,'component',1369,1.000,0,1,1),(1831,1348,306,'component',1338,1.000,0,1,1),(1832,1348,306,'component',1356,1.000,0,1,1),(1833,1343,194,'component',1376,1.000,0,1,0),(1834,1116,162,'component',1356,1.000,0,1,1),(1835,1116,162,'component',1358,1.000,0,1,1),(1836,1116,162,'component',1364,1.000,0,1,1),(1837,1116,162,'component',1338,1.000,0,1,1),(1838,1116,162,'component',1369,1.000,0,1,1);
/*!40000 ALTER TABLE `product_group_product` ENABLE KEYS */;
UNLOCK TABLES;
/*!40103 SET TIME_ZONE=@OLD_TIME_ZONE */;

/*!40101 SET SQL_MODE=@OLD_SQL_MODE */;
/*!40014 SET FOREIGN_KEY_CHECKS=@OLD_FOREIGN_KEY_CHECKS */;
/*!40014 SET UNIQUE_CHECKS=@OLD_UNIQUE_CHECKS */;
/*!40101 SET CHARACTER_SET_CLIENT=@OLD_CHARACTER_SET_CLIENT */;
/*!40101 SET CHARACTER_SET_RESULTS=@OLD_CHARACTER_SET_RESULTS */;
/*!40101 SET COLLATION_CONNECTION=@OLD_COLLATION_CONNECTION */;
/*!40111 SET SQL_NOTES=@OLD_SQL_NOTES */;

-- Dump completed on 2026-05-26 23:34:31
